-- DADOS DOS FUNCIONÁRIOS
-- Gerente
INSERT INTO Funcionario (CPF, nome, cargo, salario) VALUES ('12345678901', 'Genival Pereira da Silva', 'Gerente', 8000.00);

-- Vendedores
INSERT INTO Funcionario (CPF, nome, cargo, salario) VALUES 
('23456789012', 'Ana Carolina Silva Santos', 'Vendedor', 3000.00),
('34567890123', 'Lucas Oliveira Lima', 'Vendedor', 3000.00),
('45678901234', 'Beatriz Martins Almeida', 'Vendedor', 3000.00),
('56789012345', 'Felipe Pereira Costa', 'Vendedor', 3000.00),
('67890123456', 'Mariana Castro Souza', 'Vendedor', 3000.00),
('78901234567', 'Guilherme Santos Oliveira', 'Vendedor', 3000.00),
('89012345678', 'Gabriela Lima Pereira', 'Vendedor', 3000.00),
('90123456789', 'Matheus Almeida Silva', 'Vendedor', 3000.00),
('01234567890', 'Isabella Costa Santos', 'Vendedor', 3000.00);

-- DADOS DOS CLIENTES
INSERT INTO Cliente (CPF, nome) VALUES ('10987654321', 'Eduardo Martins Lima'),
('21098765432', 'Carolina Oliveira Almeida'),
('32109876543', 'Rodrigo Castro Souza'),
('43210987654', 'Juliana Santos Costa'),
('54321098765', 'Fernando Pereira Silva'),
('65432109876', 'Laura Lima Pereira'),
('76543210987', 'Vinicius Almeida Costa'),
('87654321098', 'Natalia Santos Oliveira'),
('98765432109', 'Renato Costa Santos'),
('09876543210', 'Amanda Lima Almeida');

-- ENDEREÇOS
-- Funcionários
INSERT INTO endereco (UF, cidade, bairro, logradouro, numero, CEP, complemento, Cliente_CPF, Funcionario_CPF) VALUES 
('PE', 'Recife', 'Boa Viagem', 'Avenida Boa Viagem', '123', '51020-001', 'Apto 101', NULL,'12345678901'),
('PE', 'Olinda', 'Carmo', 'Rua do Amparo', '456', '53020-002', NULL, NULL ,'23456789012'),
('PE', 'Jaboatão dos Guararapes', 'Cavaleiro', 'Avenida Ayrton Senna', '789', '54280-003', 'Casa 2', NULL, '34567890123'),
('PE', 'Recife', 'Boa Vista', 'Rua do Príncipe', '101', '50050-004', NULL, NULL, '45678901234'),
('PE', 'Camaragibe', 'Santo Inácio', 'Avenida Bela Vista', '202', '54783-005', 'Bloco C', NULL, '56789012345'),
('PE', 'Paulista', 'Janga', 'Rua da Aurora', '303', '53456-006', NULL, NULL, '67890123456'),
('PE', 'Recife', 'Iputinga', 'Travessa dos Palmares', '404', '50750-007', 'Apto 3A', NULL, '78901234567'),
('PE', 'Cabo de Santo Agostinho', 'Centro', 'Praça da Bandeira', '505', '54510-008', NULL, NULL, '89012345678'),
('PE', 'Recife', 'Madalena', 'Rua do Futuro', '606', '50720-009', 'Fundos', NULL, '90123456789'),
('PE', 'Jaboatão dos Guararapes', 'Piedade', 'Avenida Bernardo Vieira de Melo', '707', '54400-010', NULL, NULL,'01234567890');

-- Clientes
INSERT INTO endereco (UF, cidade, bairro, logradouro, numero, CEP, complemento, Cliente_CPF, Funcionario_CPF) VALUES 
('PE', 'Recife', 'Boa Viagem', 'Rua dos Coqueiros', '456', '51020-011', 'Apto 202', '10987654321', NULL),
('PE', 'Olinda', 'Peixinhos', 'Avenida Presidente Kennedy', '789', '53020-022', NULL, '21098765432', NULL),
('PE', 'Jaboatão dos Guararapes', 'Prazeres', 'Rua dos Girassóis', '101', '54280-033', 'Casa 1', '32109876543', NULL),
('PE', 'Recife', 'Pina', 'Avenida Antônio de Góes', '202', '50050-044', 'Bloco D','43210987654', NULL),
('PE', 'Camaragibe', 'Santa Terezinha', 'Rua da Harmonia', '303', '54783-055', NULL, '54321098765', NULL),
('PE', 'Paulista', 'Centro', 'Rua da Matriz', '404', '53456-066', 'Apto 101', '65432109876', NULL),
('PE', 'Recife', 'Encruzilhada', 'Avenida Norte', '505', '50750-077', NULL, '76543210987', NULL),
('PE', 'Cabo de Santo Agostinho', 'Ponte dos Carvalhos', 'Rua dos Ipês', '606', '54510-088', 'Casa 3', '87654321098', NULL),
('PE', 'Recife', 'Boa Vista', 'Avenida Conde da Boa Vista', '707', '50720-099', NULL, '98765432109', NULL),
('PE', 'Jaboatão dos Guararapes', 'Barra de Jangada', 'Rua do Canal', '808', '54400-100', 'Apto 501', '09876543210', NULL);

-- DADOS DE TELEFONE
-- Clientes
INSERT INTO telefone (numero, Cliente_CPF, Funcionario_CPF) VALUES 
('34472265', '10987654321', NULL),
('987654321', '10987654321', NULL),
('23456789', '21098765432', NULL),
('976543210', '21098765432', NULL),
('34567890', '32109876543', NULL),
('954321098', '32109876543', NULL),
('45678901', '43210987654', NULL),
('987012345', '43210987654', NULL),
('56789012', '54321098765', NULL),
('910987654', '54321098765', NULL),
('67890123', '65432109876', NULL),
('909876543', '65432109876', NULL),
('987654321', '76543210987', NULL),
('990123456', '87654321098', NULL),
('901234567', '98765432109', NULL),
('976543210', '09876543210', NULL),
-- Telefones dos Funcionários
('3226678', NULL, '12345678901'),
('33322211', NULL, '23456789012'),
('34455566', NULL, '34567890123'),
('966555444', NULL, '34567890123'),
('37788899', NULL, '45678901234'),
('999888777', NULL, '45678901234'),
('944222111', NULL, '56789012345'),
('977666555', NULL, '67890123456'),
('988999111', NULL, '78901234567'),
('999111888', NULL, '89012345678'),
('33344455', NULL, '90123456789'),
('922111000', NULL, '01234567890');

INSERT INTO livro (ISBN, editora, genero, titulo, numeroPaginas, descricao) VALUES
('9780141439587', 'Penguin Classics', 'Ficção Clássica', 'Orgulho e Preconceito', 279, 'Um clássico da literatura inglesa'),
('9780061120083', 'HarperCollins', 'Ficção Científica', 'Neuromancer', 320, 'O livro que definiu o cyberpunk'),
('9780345391803', 'Del Rey', 'Ficção Científica', 'Neuromancer', 271, 'A sequência empolgante do Neuromancer'),
('9780553382563', 'Bantam', 'Ficção Científica', 'Snow Crash', 470, 'Um mergulho frenético no ciberespaço'),
('9780143111597', 'Penguin Books', 'Ficção Histórica', 'A Sombra do Vento', 487, 'Uma história envolvente ambientada em Barcelona'),
('9780385720107', 'Anchor Books', 'Ficção Histórica', 'A Sombra do Vento', 487, 'Uma história envolvente ambientada em Paris'),
('9780307476463', 'Vintage', 'Romance', 'Norwegian Wood', 296, 'Um romance melancólico sobre amor e perda'),
('9780099494096', 'Vintage', 'Romance', 'Norwegian Wood', 296, 'Um romance melancólico sobre amor e perda'),
('9780061120084', 'HarperCollins', 'Ficção Científica', 'Count Zero', 256, 'A continuação eletrizante do Neuromancer'),
('9780553382570', 'Bantam', 'Ficção Científica', 'Diamond Age', 499, 'Explorando as fronteiras da nanotecnologia'),
('9780385720106', 'Anchor Books', 'Ficção Histórica', 'O Jogo do Anjo', 580, 'Mistério e intriga em uma Barcelona sombria'),
('9780141439586', 'Penguin Classics', 'Ficção Clássica', 'Emma', 474, 'Uma comédia de costumes brilhante'),
('9780553382571', 'Bantam', 'Ficção Científica', 'Cryptonomicon', 928, 'Uma épica que entrelaça passado e presente'),
('9780307476462', 'Vintage', 'Romance', '1Q84', 1157, 'Um mundo distópico e surreal'),
('9780345391802', 'Del Rey', 'Ficção Científica', 'Mona Lisa Overdrive', 308, 'O desfecho emocionante da trilogia Sprawl'),
('9780099494093', 'Vintage', 'Romance', 'Kafka à Beira-Mar', 467, 'Uma narrativa mágica e intrigante'),
('9780143111596', 'Penguin Books', 'Ficção Histórica', 'O Prisioneiro do Céu', 312, 'Intriga e mistério em uma livraria de Barcelona'),
('9780385720103', 'Anchor Books', 'Ficção Histórica', 'O Jogo do Anjo', 580, 'Mistério e intriga em uma Barcelona sombria'),
('9780553382579', 'Bantam', 'Ficção Científica', 'Reamde', 1044, 'Um thriller de alta tecnologia'),
('9780307476469', 'Vintage', 'Romance', 'Killing Commendatore', 704, 'Explorando a arte e a solidão'),
('9780345391809', 'Del Rey', 'Ficção Científica', 'Pattern Recognition', 384, 'Um olhar agudo sobre o mundo da publicidade e branding'),
('9780061120089', 'HarperCollins', 'Ficção Científica', 'Virtual Light', 294, 'Uma visão distópica e luminosa de San Francisco'),
('9780385720109', 'Anchor Books', 'Ficção Histórica', 'Marina', 296, 'Uma história de mistério e magia'),
('9780099494099', 'Vintage', 'Romance', 'Correndo com Tesouras', 320, 'As memórias hilariantes e comoventes de Augusten Burroughs'),
('9780553382578', 'Bantam', 'Ficção Científica', 'Seveneves', 880, 'Uma epopeia sobre a sobrevivência humana no espaço'),
('9780345391808', 'Del Rey', 'Ficção Científica', 'All Tomorrows Parties', 288, 'A conclusão da trilogia Bridge'),
('9780307476468', 'Vintage', 'Romance', 'Sputnik, Meu Amor', 208, 'Uma história de amor inesquecível'),
('9780143111599', 'Penguin Books', 'Ficção Histórica', 'O Labirinto dos Espíritos', 832, 'Um épico que fecha a série Cemitério dos Livros Esquecidos'),
('9780385720108', 'Anchor Books', 'Ficção Histórica', 'O Jogo do Anjo', 580, 'Mistério e intriga em uma Barcelona sombria'),
('9780553382576', 'Bantam', 'Ficção Científica', 'Anathem', 937, 'Uma exploração profunda da teoria e filosofia'),
('9780307476467', 'Vintage', 'Romance', 'Norwegian Wood', 296, 'Um romance melancólico sobre amor e perda'),
('9780345391807', 'Del Rey', 'Ficção Científica', 'Idoru', 288, 'Uma reflexão sobre a fama e a cultura pop'),
('9780099494098', 'Vintage', 'Romance', '1Q84', 1157, 'Um mundo distópico e surreal'),
('9780141439589', 'Penguin Classics', 'Ficção Clássica', 'Razão e Sensibilidade', 352, 'Um retrato perspicaz da sociedade do século XIX'),
('9780553382577', 'Bantam', 'Ficção Científica', 'Fall; or, Dodge in Hell', 896, 'Uma jornada épica entre o real e o virtual'),
('9780307476466', 'Vintage', 'Romance', 'Kafka à Beira-Mar', 467, 'Uma narrativa mágica e intrigante'),
('9780345391806', 'Del Rey', 'Ficção Científica', 'The Peripheral', 496, 'Uma exploração do impacto da tecnologia na sociedade'),
('9780061120088', 'HarperCollins', 'Ficção Científica', 'Idoru', 288, 'Uma reflexão sobre a fama e a cultura pop'),
('9780553382575', 'Bantam', 'Ficção Científica', 'Snow Crash', 470, 'Um mergulho frenético no ciberespaço'),
('9780345391805', 'Del Rey', 'Ficção Científica', 'Neuromancer', 271, 'A sequência empolgante do Neuromancer'),
('9780307476465', 'Vintage', 'Romance', 'Killing Commendatore', 704, 'Explorando a arte e a solidão'),
('9780099494095', 'Vintage', 'Romance', 'Sputnik, Meu Amor', 208, 'Uma história de amor inesquecível'),
('9780143111595', 'Penguin Books', 'Ficção Histórica', 'A Sombra do Vento', 487, 'Uma historia envolvente ambientada em Barcelona'),
('9780553382574', 'Bantam', 'Ficção Científica', 'Cryptonomicon', 928, 'Uma épica que entrelaça passado e presente');

INSERT INTO autor (nome, dataNascimento, biografia, nacionalidade) VALUES
('Jane Austen', '1775-12-16', 'Escritora britânica conhecida por seus romances satíricos', 'Inglesa'),
('William Gibson', '1948-03-17', 'Escritor norte-americano, pioneiro do gênero cyberpunk', 'Americana'),
('Neal Stephenson', '1959-10-31', 'Autor de ficção científica e ensaísta', 'Americana'),
('Carlos Ruiz Zafón', '1964-09-25', 'Romancista espanhol, autor da série O Cemitério dos Livros Esquecidos', 'Espanhola'),
('Haruki Murakami', '1949-01-12', 'Escritor japonês mundialmente aclamado', 'Japonesa'),
('Augusten Burroughs', '1965-10-23', 'Autor e cronista norte-americano', 'Americana'),
('Stephen King', '1947-09-21', 'Escritor de terror e suspense', 'Americana'),
('Gabriel García Márquez', '1927-03-06', 'Escritor colombiano, Prêmio Nobel de Literatura', 'Colombiana'),
('J.K. Rowling', '1965-07-31', 'Autora britânica, conhecida por Harry Potter', 'Inglesa'),
('Isaac Asimov', '1920-01-02', 'Autor russo-americano de ficção científica', 'Americana');

INSERT INTO obrasescritas (Livro_ISBN, Autor_idAutor)
VALUES
('9780141439587', 1),
('9780061120083', 2),
('9780345391803', 2),
('9780553382563', 3),
('9780143111597', 4),
('9780385720107', 4),
('9780307476463', 5),
('9780099494096', 5),
('9780061120084', 2),
('9780553382570', 3),
('9780385720106', 4),
('9780141439586', 1),
('9780553382571', 3),
('9780307476462', 5),
('9780345391802', 2),
('9780099494093', 5),
('9780143111596', 4),
('9780385720103', 4),
('9780553382579', 3),
('9780307476469', 5),
('9780345391809', 2),
('9780099494098', 5),
('9780553382578', 3),
('9780307476468', 5),
('9780345391808', 2),
('9780307476467', 5),
('9780061120088', 2),
('9780553382575', 3),
('9780345391805', 2),
('9780307476465', 5),
('9780099494095', 5),
('9780143111595', 4),
('9780553382574', 3);

INSERT INTO palavrachave (descricao, Livro_ISBN) VALUES
('romance', '9780141439587'),
('clássico', '9780141439587'),
('cyberpunk', '9780061120083'),
('ficção científica', '9780061120083'),
('tecnologia', '9780345391803'),
('aventura', '9780345391803'),
('ciberespaço', '9780553382563'),
('ficção científica', '9780553382563'),
('história', '9780143111597'),
('Barcelona', '9780143111597'),
('Paris', '9780385720107'),
('ficção histórica', '9780385720107'),
('amor', '9780307476463'),
('perda', '9780307476463'),
('ficção científica', '9780061120084'),
('sequência', '9780061120084'),
('nanotecnologia', '9780553382570'),
('mistério', '9780385720106'),
('intriga', '9780385720106'),
('comédia', '9780141439586'),
('costumes', '9780141439586'),
('épica', '9780553382571'),
('passado', '9780553382571'),
('distópico', '9780307476462'),
('surreal', '9780307476462'),
('desfecho', '9780345391802'),
('emocionante', '9780345391802'),
('mágica', '9780099494093'),
('intrigante', '9780099494093'),
('intriga', '9780143111596'),
('mistério', '9780143111596'),
('thriller', '9780553382579'),
('tecnologia', '9780553382579'),
('arte', '9780307476469'),
('solidão', '9780307476469'),
('publicidade', '9780345391809'),
('branding', '9780345391809'),
('distópica', '9780061120089'),
('luminosa', '9780061120089'),
('mistério', '9780385720109'),
('magia', '9780385720109'),
('memórias', '9780099494099'),
('comoventes', '9780099494099'),
('epopeia', '9780553382578'),
('sobrevivência', '9780553382578'),
('conclusão', '9780345391808'),
('Bridge', '9780345391808'),
('amor', '9780307476468'),
('inesquecível', '9780307476468'),
('épico', '9780143111599'),
('fechamento', '9780143111599'),
('sociedade', '9780385720108'),
('XIX', '9780385720108'),
('real', '9780553382576'),
('virtual', '9780553382576');

INSERT INTO AreaConhecimento (descricao) VALUES
('Literatura Inglesa'),
('Ficção Científica'),
('Ficção Histórica'),
('Romance'),
('Ciência da Computação'),
('Mistério e Intriga'),
('Fantasia'),
('História'),
('Filosofia'),
('Arte'),
('Tecnologia'),
('Psicologia');

INSERT INTO areasdolivro (Livro_ISBN, AreaConhecimento_idAreaConhecimento)
VALUES
('9780141439587', 1), 
('9780141439587', 7), 
('9780061120083', 2), 
('9780061120083', 5), 
('9780345391803', 2), 
('9780345391803', 5), 
('9780553382563', 2), 
('9780553382563', 5), 
('9780143111597', 1), 
('9780143111597', 7), 
('9780143111597', 8), 
('9780385720107', 1), 
('9780385720107', 7), 
('9780385720107', 8), 
('9780307476463', 7), 
('9780307476463', 11), 
('9780099494096', 7), 
('9780099494096', 11), 
('9780061120084', 2), 
('9780061120084', 5), 
('9780553382570', 2), 
('9780553382570', 5), 
('9780385720106', 3), 
('9780385720106', 8), 
('9780385720106', 11), 
('9780141439586', 1), 
('9780141439586', 7), 
('9780141439586', 8);

INSERT INTO exemplar (status, localizacao, Livro_ISBN) VALUES
('Disponível', 'Prateleira A1', '9780141439587'),
('Disponível', 'Prateleira B2', '9780061120083'),
('Disponível', 'Prateleira C3', '9780345391803'),
('Disponível', 'Prateleira D4', '9780553382563'),
('Disponível', 'Prateleira E5', '9780143111597'),
('Disponível', 'Prateleira F6', '9780385720107'),
('Disponível', 'Prateleira G7', '9780307476463'),
('Disponível', 'Prateleira H8', '9780099494096'),
('Disponível', 'Prateleira I9', '9780061120084'),
('Disponível', 'Prateleira J10', '9780553382570'),
('Disponível', 'Prateleira K11', '9780385720106'),
('Disponível', 'Prateleira L12', '9780141439586'),
('Disponível', 'Prateleira M4', '9780307476465'),
('Disponível', 'Prateleira N4', '9780099494095'),
('Disponível', 'Prateleira C2', '9780143111595'),
('Disponível', 'Prateleira A2', '9780553382574'),
('Indisponível', 'Prateleira M5', '9780553382571'),
('Indisponível', 'Prateleira N6', '9780307476462'),
('Indisponível', 'Prateleira C4', '9780345391802'),
('Indisponível', 'Prateleira B4', '9780099494093'),
('Indisponível', 'Prateleira A4', '9780143111596'),
('Indisponível', 'Prateleira F4', '9780385720103'),
('Indisponível', 'Prateleira G4', '9780553382579'),
('Indisponível', 'Prateleira H4', '9780307476469'),
('Indisponível', 'Prateleira I4', '9780345391809'),
('Indisponível', 'Prateleira J4', '9780099494098'),
('Indisponível', 'Prateleira K4', '9780553382578'),
('Indisponível', 'Prateleira L4', '9780307476468'),
('Indisponível', 'Prateleira M4', '9780345391808'),
('Indisponível', 'Prateleira N4', '9780307476467'),
('Indisponível', 'Prateleira C2', '9780061120088'),
('Indisponível', 'Prateleira A2', '9780553382575'),
('Indisponível', 'Prateleira B3', '9780345391805');

INSERT INTO pedido (
dataPedido, 
valorPedido, 
status, 
dataPagamento, 
descricao, 
quantidade, 
exemplar_idExemplar, 
exemplar_Livro_ISBN, 
funcionario_CPF, 
cliente_CPF) VALUES
('2023-10-09 10:30:00', 150.00, 'Confirmado', '2023-10-09 11:45:00', 'Compra Livro', 2, 1, '9780141439587', '23456789012', '10987654321'),
('2023-10-09 11:15:00', 100.50, 'Aguardando Pagamento', NULL, 'Compra Livro', 1, 2, '9780061120083', '34567890123', '21098765432'),
('2023-10-09 12:00:00', 75.20, 'Aguardando Pagamento', NULL, 'Compra Livro', 3, 3, '9780345391803', '45678901234', '32109876543'),
('2023-10-09 13:30:00', 200.00, 'Confirmado', '2023-10-09 14:45:00', 'Compra Livro ', 1, 4, '9780553382563', '56789012345', '43210987654'),
('2023-10-09 14:15:00', 120.75, 'Aguardando Pagamento', NULL, 'Compra Livro', 2, 5, '9780143111597', '67890123456', '54321098765'),
('2023-10-09 16:45:00', 90.50, 'Confirmado', '2023-10-09 17:30:00', 'Compra Livro', 2, 6, '9780385720107', '90123456789', '09876543210'),
('2023-01-15 08:30:00', 125.78,'Aguardando Pagamento', NULL,'Compra Livro', 1, 7,'9780307476463','78901234567','10987654321'),
('2023-02-28 14:45:00', 345.62,'Confirmado','2023-07-10 14:46:08','Compra Livro', 5, 8,'9780099494096','89012345678','21098765432'),
('2023-03-10 12:00:00', 134.67,'Aguardando Pagamento', NULL,'Compra Livro', 1, 9,'9780061120084','01234567890','21098765432'),
('2023-04-22 17:20:00', 547.80,'Confirmado','2023-07-10 14:46:08','Compra Livro', 5, 10,'9780553382570','23456789012','32109876543'),
('2023-05-05 09:10:00', 67.90,'Aguardando Pagamento', NULL,'Compra Livro', 1, 11,'9780385720106','34567890123','32109876543'),
('2023-06-18 16:30:00', 300.02 ,'Confirmado','2023-07-13 14:46:08','Compra Livro', 3, 12,'9780141439586','45678901234','32109876543'),
('2023-07-03 11:55:00', 1250.67,'Confirmado','2023-08-17 14:46:08','Compra Livro', 10, 13,'9780307476465','56789012345','43210987654'),
('2023-08-29 13:40:00', 980.57,'Aguardando Pagamento', NULL,'Compra Livro', 12, 14,'9780099494095','56789012345','43210987654'),
('2023-09-14 20:15:00', 789.56,'Confirmado','2023-08-17 14:46:08','Compra Livro', 6, 15,'9780143111595','56789012345','43210987654'),
('2023-09-14 19:35:05', 256.79,'Confirmado','2023-08-17 14:46:08','Compra Livro', 3, 16,'9780553382574','56789012345','43210987654'),
('2023-10-09 16:45:00', 90.50, 'Confirmado','2023-04-25 09:46:08', 'Compra Livro', 2, 17, '9780553382571', '90123456789', '09876543210');

-- CORRIGIR O INSERT ABAIXO QUE ESTA DANDO ERRO
INSERT INTO venda (
formaPagamento,
dataVenda,
desconto,
valorTotal,
pedido_idPedido,
pedido_exemplar_idexemplar,
pedido_exemplar_Livro_ISBN,
pedido_funcionario_CPF,
pedido_cliente_CPF
) VALUES
('Cartão de Crédito', '2023-10-09 11:45:00', NULL,150.00, 33, 1, '9780141439587', '23456789012', '10987654321'),
('Cartão de Débito', '2023-10-09 14:45:00', NULL,200.00, 36, 4, '9780553382563', '56789012345', '43210987654'),
('Cartão de Crédito', '2023-10-09 14:45:00', NULL,90.50, 38, 6, '9780385720107', '90123456789', '09876543210'),
('Cartão de Débito', '2023-10-09 14:45:00', NULL,345.62, 40, 8, '9780099494096','89012345678','21098765432'),
('Pix', '2023-10-09 14:45:00', 54.78, 493.02, 42, 10, '9780553382570','23456789012','32109876543'),
('Cartão de Débito', '2023-10-09 14:45:00', NULL,300.02, 44, 12, '9780141439586','45678901234','32109876543'),
('Pix', '2023-10-09 14:45:00', 125.00,1125.67, 45, 13, '9780307476465','56789012345','43210987654'),
('Pix', '2023-10-09 14:45:00', 78.90,710.66, 47, 15, '9780143111595','56789012345','43210987654'),
('Cartão de Débito', '2023-10-09 14:45:00', NULL,256.79, 16, 16, '9780553382574','56789012345','43210987654'),
('Cartão de Crédito', '2023-10-09 14:45:00', NULL,90.50, 17, 17, '9780553382571', '90123456789', '09876543210');


